<?xml version="1.0" encoding="UTF-8"?>
<project-private xmlns="http://www.netbeans.org/ns/project-private/1">
    <editor-bookmarks xmlns="http://www.netbeans.org/ns/editor-bookmarks/2" lastBookmarkId="0"/>
    <open-files xmlns="http://www.netbeans.org/ns/projectui-open-files/2">
        <group>
            <file>file:/C:/Users/Nicia%20&amp;%20Nicole/Desktop/Transpo_reservation/src/transpo_reservation/Transpo_reservation.java</file>
            <file>file:/C:/Users/Nicia%20&amp;%20Nicole/Desktop/Transpo_reservation/src/Login.java</file>
            <file>file:/C:/Users/Nicia%20&amp;%20Nicole/Desktop/Transpo_reservation/src/Register.java</file>
            <file>file:/C:/Users/Nicia%20&amp;%20Nicole/Desktop/Transpo_reservation/src/Connections.java</file>
            <file>file:/C:/Users/Nicia%20&amp;%20Nicole/Desktop/Transpo_reservation/src/Form.java</file>
        </group>
    </open-files>
</project-private>
